{
  "project_info": {
    "project_number": "822764045474",
    "project_id": "instaclonejava-595a2",
    "storage_bucket": "instaclonejava-595a2.appspot.com"
  },
  "client": [
    {
      "client_info": {
        "mobilesdk_app_id": "1:822764045474:android:543b8b850dce759f7683fb",
        "android_client_info": {
          "package_name": "com.example.instagramclonejava"
        }
      },
      "oauth_client": [
        {
          "client_id": "822764045474-vga508bun4hh67o4dt6p4qdd1h7qb59n.apps.googleusercontent.com",
          "client_type": 3
        }
      ],
      "api_key": [
        {
          "current_key": "AIzaSyDfEp-9x-o63u5srryPzRDApZeik3tSSIw"
        }
      ],
      "services": {
        "appinvite_service": {
          "other_platform_oauth_client": [
            {
              "client_id": "822764045474-vga508bun4hh67o4dt6p4qdd1h7qb59n.apps.googleusercontent.com",
              "client_type": 3
            }
          ]
        }
      }
    }
  ],
  "configuration_version": "1"
}